metric,value,notes
train_cross_entropy,0.9119530568885803,last train epoch CE
val_cross_entropy,0.8570600829947109,last val epoch CE
perplexity,2.356223399926764,exp(val_ce)
bits_per_character,1.2364763314803529,val_ce / ln(2)
generalization_gap,-0.05489297389386938,val_ce - train_ce
top1_next_char_accuracy,0.72876953125,val set
distinct_1,0.225,temperature sample
distinct_2,0.6554621848739496,temperature sample
distinct_3,0.8559322033898306,temperature sample
repeated_4gram_rate,0.11965811965811966,temperature sample
gradient_norm_max,5.42275857925415,"after clip, over train"
nan_count,0,non-finite train losses
parameter_count,3254272,all params
train_tokens_per_sec,280325.1278483422,chars seen / wall time
generation_tokens_per_sec,408.83742238597927,greedy+temp generate
peak_memory_mb,349.443359375,cuda only; 0 on mps/cpu
total_training_time_sec,456.6126518249512,wall clock
