sample_id,style,content_preservation,artifacts,notes
sample_01.jpg,4,4,3,"soft painterly sky; dark blob top-left corner"
sample_02.jpg,4,4,3,"nice lake and boat; streaky ripples in water"
sample_03.jpg,3,4,3,"rocky coast; saturated, still fairly photographic"
sample_04.jpg,2,5,4,"waterfall very photo-like; small spot bottom-right"
sample_05.jpg,4,5,3,"lone tree in pastel water; dark spot on right edge"
sample_06.jpg,4,4,3,"warm autumn hillside; photo watermark visible"
sample_07.jpg,3,3,2,"dark cliff; messy sky, black blob top-left"
sample_08.jpg,3,4,3,"canal boats readable; odd white border frame"
sample_09.jpg,3,5,4,"crashing waves good; rock looks photographic"
sample_10.jpg,2,4,3,"under-bridge river; mostly photo-like, streaky water"
sample_11.jpg,3,3,2,"person on rock badly smeared; blue cast"
sample_12.jpg,4,5,3,"expressive pink sky around obelisk; corner blob"
sample_13.jpg,3,4,3,"rocky valley; muddy browns, swirly sky"
sample_14.jpg,3,3,2,"vertical streaks in sky; boats hard to read"
sample_15.jpg,4,4,3,"haystack-like hut, very Monet; corner blob"
sample_16.jpg,3,5,4,"river and pines clear; only lightly painterly"
sample_17.jpg,4,4,3,"misty lake and reeds; grid texture in sky"
sample_18.jpg,4,3,3,"Monet-like harbour; boats smeared into blobs"
sample_19.jpg,3,4,2,"dark blue blotches across cloudy sky"
sample_20.jpg,3,4,2,"heavy vertical streaks over top half"
sample_21.jpg,3,3,2,"snowy mountain blotchy, triangular smears"
sample_22.jpg,2,4,3,"modern building; geometric, not painterly"
sample_23.jpg,3,4,3,"grainy grid texture in sky; dark dot in trees"
sample_24.jpg,4,2,2,"hazy sun nice mood; scene very washed out, streaks"
sample_25.jpg,3,3,2,"sky heavily smeared diagonally"
sample_26.jpg,4,4,4,"warm sunset over autumn trees"
sample_27.jpg,4,5,4,"misty lake reflections; small spot bottom-right"
sample_28.jpg,3,3,3,"ship sculpture smeared; watermark at bottom"
sample_29.jpg,2,5,4,"town street with cars; looks like a photo"
sample_30.jpg,3,5,4,"clear forested mountains; mildly painterly"
