epoch,weights,fid_b2a,mifid_b2a,fid_a2b,mifid_a2b,fid,mifid,score
95,raw,95.4962,0.3967,98.6588,0.4119,97.0775,0.4043,48.7409
95,ema,95.7458,0.3994,98.4416,0.4126,97.0937,0.406,48.7498
96,raw,95.7262,0.3991,96.9238,0.4109,96.325,0.405,48.365
96,ema,96.1368,0.4,98.79,0.4128,97.4634,0.4064,48.9349
97,raw,97.339,0.3998,100.8091,0.4145,99.074,0.4071,49.7406
97,ema,96.1474,0.4003,98.6306,0.4128,97.389,0.4066,48.8978
98,raw,95.5877,0.403,99.2831,0.413,97.4354,0.408,48.9217
98,ema,96.0023,0.4005,98.431,0.4126,97.2166,0.4065,48.8116
99,raw,94.6663,0.4014,97.5802,0.4131,96.1232,0.4072,48.2652
99,ema,94.9988,0.3991,98.1541,0.4128,96.5765,0.4059,48.4912
100,raw,94.8882,0.4014,100.3058,0.4128,97.597,0.4071,49.0021
100,ema,95.1583,0.4,98.0403,0.4129,96.5993,0.4064,48.5029
101,raw,96.3902,0.3989,98.269,0.4121,97.3296,0.4055,48.8676
101,ema,95.1754,0.4006,98.1102,0.4128,96.6428,0.4067,48.5248
102,raw,94.867,0.3999,100.1839,0.4126,97.5255,0.4063,48.9659
102,ema,95.6187,0.4007,97.8121,0.412,96.7154,0.4064,48.5609
103,raw,96.2278,0.4,98.097,0.4127,97.1624,0.4064,48.7844
103,ema,95.3266,0.4006,97.9776,0.4123,96.6521,0.4064,48.5293
104,raw,95.0917,0.4011,99.0151,0.4128,97.0534,0.407,48.7302
104,ema,95.745,0.4016,98.2348,0.4122,96.9899,0.4069,48.6984
105,raw,96.6013,0.4018,98.0173,0.4133,97.3093,0.4076,48.8584
105,ema,95.2296,0.4009,97.4777,0.4123,96.3536,0.4066,48.3801
106,raw,95.565,0.4002,97.7921,0.412,96.6785,0.4061,48.5423
106,ema,95.5499,0.4004,97.3272,0.412,96.4385,0.4062,48.4224
107,raw,94.9875,0.398,97.4992,0.4111,96.2434,0.4045,48.3239
107,ema,94.9617,0.3997,97.0533,0.4113,96.0075,0.4055,48.2065
108,raw,95.2028,0.4006,97.6805,0.4109,96.4417,0.4058,48.4237
108,ema,95.3273,0.3997,97.2734,0.411,96.3004,0.4054,48.3529
109,raw,96.1739,0.3991,97.0662,0.4108,96.6201,0.405,48.5125
109,ema,95.2185,0.3994,97.3112,0.4111,96.2648,0.4053,48.335
110,raw,93.9121,0.3991,97.3303,0.4117,95.6212,0.4054,48.0133
110,ema,95.3475,0.3991,97.3945,0.4118,96.371,0.4054,48.3882
111,raw,94.8623,0.4012,97.2314,0.4126,96.0469,0.4069,48.2269
111,ema,95.0522,0.4002,97.4019,0.412,96.227,0.4061,48.3166
112,raw,95.3891,0.4007,98.3545,0.4128,96.8718,0.4068,48.6393
112,ema,95.044,0.4008,97.3115,0.4111,96.1777,0.406,48.2919
113,raw,96.1418,0.4006,97.3138,0.4124,96.7278,0.4065,48.5672
113,ema,95.1176,0.4009,97.1241,0.4111,96.1208,0.406,48.2634
114,raw,95.5781,0.4003,98.5724,0.412,97.0752,0.4062,48.7407
114,ema,95.1018,0.4015,97.4916,0.4112,96.2967,0.4064,48.3515
115,raw,95.4443,0.4009,97.4481,0.4129,96.4462,0.4069,48.4265
115,ema,95.2908,0.401,97.4016,0.4112,96.3462,0.4061,48.3762
116,raw,95.371,0.4014,97.2655,0.4118,96.3182,0.4066,48.3624
116,ema,95.2596,0.4004,97.1394,0.4112,96.1995,0.4058,48.3027
117,raw,95.3023,0.3998,97.467,0.4119,96.3846,0.4058,48.3952
117,ema,95.3369,0.401,97.436,0.4115,96.3864,0.4062,48.3963
118,raw,95.261,0.3999,97.3258,0.4124,96.2934,0.4061,48.3498
118,ema,95.2179,0.4007,97.2765,0.4113,96.2472,0.406,48.3266
119,raw,95.5743,0.4002,97.2845,0.4123,96.4294,0.4062,48.4178
119,ema,95.3052,0.401,97.3011,0.4114,96.3031,0.4062,48.3547
120,raw,94.8691,0.4,97.2455,0.4118,96.0573,0.4059,48.2316
120,ema,95.8125,0.4009,97.0896,0.4109,96.4511,0.4059,48.4285
121,raw,95.7819,0.4012,96.4694,0.4113,96.1257,0.4062,48.2659
121,ema,95.3023,0.4003,96.8181,0.4109,96.0602,0.4056,48.2329
122,raw,95.0789,0.4001,96.7426,0.4104,95.9108,0.4052,48.158
122,ema,95.2113,0.4008,96.7971,0.4112,96.0042,0.406,48.2051
123,raw,95.5922,0.4008,97.0986,0.4116,96.3454,0.4062,48.3758
123,ema,95.2753,0.4008,96.9761,0.4111,96.1257,0.406,48.2658
124,raw,95.3453,0.4005,97.1351,0.4113,96.2402,0.4059,48.3231
124,ema,95.44,0.4007,97.1993,0.4115,96.3197,0.4061,48.3629
