# Human audit sheet: Part 3 photo->Monet, submitted checkpoint (epoch 93)
# 30 fixed indices. Images: b2a_<index>.jpg in this folder (copies of outputs/pred_B2A).
# Scores: style 0-2 (higher = more Monet), content 0-2 (higher = keeps photo layout),
# artifacts 0-2 (higher = worse grid/noise), mem Y/N (looks copied from a real Monet?)
# Rate independently; do not look at the other rater's columns first.
index,file,rater_sneha_style,rater_sneha_content,rater_sneha_artifacts,rater_sneha_mem,rater_ritika_style,rater_ritika_content,rater_ritika_artifacts,rater_ritika_mem,notes
0,b2a_00000.jpg,,,,,,,,,
242,b2a_00242.jpg,,,,,,,,,
485,b2a_00485.jpg,,,,,,,,,
727,b2a_00727.jpg,,,,,,,,,
970,b2a_00970.jpg,,,,,,,,,
1213,b2a_01213.jpg,,,,,,,,,
1455,b2a_01455.jpg,,,,,,,,,
1698,b2a_01698.jpg,,,,,,,,,
1941,b2a_01941.jpg,,,,,,,,,
2183,b2a_02183.jpg,,,,,,,,,
2426,b2a_02426.jpg,,,,,,,,,
2669,b2a_02669.jpg,,,,,,,,,
2911,b2a_02911.jpg,,,,,,,,,
3154,b2a_03154.jpg,,,,,,,,,
3397,b2a_03397.jpg,,,,,,,,,
3639,b2a_03639.jpg,,,,,,,,,
3882,b2a_03882.jpg,,,,,,,,,
4125,b2a_04125.jpg,,,,,,,,,
4367,b2a_04367.jpg,,,,,,,,,
4610,b2a_04610.jpg,,,,,,,,,
4853,b2a_04853.jpg,,,,,,,,,
5095,b2a_05095.jpg,,,,,,,,,
5338,b2a_05338.jpg,,,,,,,,,
5581,b2a_05581.jpg,,,,,,,,,
5823,b2a_05823.jpg,,,,,,,,,
6066,b2a_06066.jpg,,,,,,,,,
6309,b2a_06309.jpg,,,,,,,,,
6551,b2a_06551.jpg,,,,,,,,,
6794,b2a_06794.jpg,,,,,,,,,
7037,b2a_07037.jpg,,,,,,,,,
